nct_id,brief_title,official_title,phase,overall_status,condition_name,intervention_name,intervention_other_name,sponsor_name,enrollment,start_date,completion_date,primary_outcome,success_flag,pmc_pmcid,pmc_title,pmc_journal,pmc_pub_date,has_pdf,has_pubmed_xml,has_fda_label,fda_brand_name,fda_generic_name,fda_indications,data_richness_score,priority_rank
NCT04205812,"Platinum-Based Chemotherapy With/Without INCMGA00012, an Anti-PD-1 Antibody, in Non-Small Cell Lung Cancer","A Randomized, Double Blind, Phase 3 Study of Platinum-Based Chemotherapy With or Without INCMGA00012 in First-Line Metastatic Squamous and Nonsquamous Non-Small Cell Lung Cancer (POD1UM-304)",PHASE3,ACTIVE_NOT_RECRUITING,metastatic nonsquamous non-small cell lung cancer,nab-Paclitaxel,,Incyte Corporation,583,2020-09-11,2026-08-28,Overall Survival,LIKELY_PASS,9728470,Antibodies to watch in 2023,MAbs,2022 Dec 6,True,True,True,Paclitaxel,PACLITAXEL,"INDICATIONS AND USAGE Paclitaxel Injection, USP is indicated as subsequent therapy for the treatment of advanced carcinoma of the ovary. As first-line therapy, Paclitaxel Injection, USP is indicated in combination with cisplatin. Paclitaxel Injection, USP is indicated for the adjuvant treatment of node-positive breast cancer administered sequentially to standard doxorubicin-containing combination chemotherapy. In the clinical trial, there was an overall favorable effect on disease-free and overa",100,103
NCT04194944,A Study of Selpercatinib (LY3527723) in Participants With Advanced or Metastatic RET Fusion-Positive Non-Small Cell Lung Cancer,"LIBRETTO-431: A Multicenter, Randomized, Open-Label, Phase 3 Trial Comparing Selpercatinib to Platinum-Based and Pemetrexed Therapy With or Without Pembrolizumab as Initial Treatment of Advanced or Metastatic RET Fusion-Positive Non-Small Cell Lung Cancer",PHASE3,ACTIVE_NOT_RECRUITING,non-small cell lung cancer,Selpercatinib,LOXO-292,"Loxo Oncology, Inc.",261,2020-02-17,2030-06-30,Progression Free Survival (PFS) by Blinded Independent Central Review (BICR) (With Pembrolizumab),LIKELY_PASS,12445561,First-line Selpercatinib or Chemotherapy and Pembrolizumab in Patients From East Asia With RET Fusion–Positive NSCLC: A LIBRETTO-431 Subgroup Analysis,JTO Clin Res Rep,2025 Jun 20,True,True,True,RETEVMO,SELPERCATINIB,"1 INDICATIONS AND USAGE RETEVMO ® is a kinase inhibitor indicated for the treatment of: Adult patients with locally advanced or metastatic non-small cell lung cancer (NSCLC) with a rearranged during transfection (RET) gene fusion, as detected by an FDA-approved test ( 1.1 ) Adult and pediatric patients 2 years of age and older with advanced or metastatic medullary thyroid cancer (MTC) with a RET mutation, as detected by an FDA-approved test, who require systemic therapy ( 1.2 ) Adult and pediatr",100,103
NCT03594747,A Study of Tislelizumab in Combination With Chemotherapy Versus Chemotherapy in Advanced Lung Cancer,"A Phase 3, Multicenter, Randomized Open-Label Study to Compare the Efficacy and Safety of Tislelizumab (BGB A317, Anti-PD1 Antibody) Combined With Paclitaxel Plus Carboplatin or Nab Paclitaxel Plus Carboplatin Versus Paclitaxel Plus Carboplatin Alone as First-Line Treatment for Untreated Advanced Squamous Non-small Cell Lung Cancer",PHASE3,COMPLETED,non-small cell lung cancer,Tislelizumab,Tevimbra,BeiGene,360,2018-07-30,2023-04-28,Progression Free Survival (PFS) by Independent Review Committee (IRC) Assessment as of Data Cut-off Date of 06DEC2019,LIKELY_PASS,10772345,Tumor-immune microenvironment and NRF2 associate with clinical efficacy of PD-1 blockade combined with chemotherapy in lung squamous cell carcinoma,Cell Rep Med,2023 Dec 4,True,True,True,TEVIMBRA,TISLELIZUMAB-JSGR,1 INDICATIONS AND USAGE TEVIMBRA is a programmed death receptor-1 (PD-1)-blocking antibody indicated for: Esophageal Cancer in combination with platinum-containing chemotherapy for the first-line treatment of adults with unresectable or metastatic esophageal squamous cell carcinoma (ESCC) whose tumors express PD-L1 (≥1). ( 1.1 ) as a single agent in adults with unresectable or metastatic esophageal squamous cell carcinoma (ESCC) after prior systemic chemotherapy that did not include a PD-(L)1 in,100,103
NCT03663205,A Study Evaluating the Efficacy and Safety of Tislelizumab Versus Chemotherapy in Advanced Non-Squamous Non-small Cell Lung Cancer,"A Phase 3, Open-Label, Multicenter, Randomized Study to Investigate the Efficacy and Safety of Tislelizumab (BGB-A317) (Anti-PD1 Antibody) Combined With Platinum-Pemetrexed Versus Platinum-Pemetrexed Alone as First-line Treatment for Patients With Stage IIIB or IV Non-Squamous Non-Small Cell Lung Cancer",PHASE3,COMPLETED,non-small cell lung cancer,Pemetrexed,,BeiGene,334,2018-07-23,2023-04-26,Progression Free Survival (PFS) Assessed by Independent Review Committee (IRC) Assessment,LIKELY_PASS,8974185,Examining the Impact of Tislelizumab Added to Chemotherapy on Health-Related Quality-of-Life Outcomes in Previously Untreated Patients With Nonsquamous Non–Small Cell Lung Cancer,Cancer J,2022 Mar 28,True,True,True,Pemetrexed,PEMETREXED DISODIUM,"1 INDICATIONS AND USAGE Pemetrexed for Injection is a folate analog metabolic inhibitor indicated: in combination with pembrolizumab and platinum chemotherapy, for the initial treatment of patients with metastatic non-squamous non-small cell lung cancer (NSCLC), with no EGFR or ALK genomic tumor aberrations. ( 1.1 ) in combination with cisplatin for the initial treatment of patients with locally advanced or metastatic, non-squamous NSCLC. ( 1.1 ) as a single agent for the maintenance treatment o",100,103
NCT04035486,A Study of Osimertinib With or Without Chemotherapy as 1st Line Treatment in Patients With Mutated Epidermal Growth Factor Receptor Non-Small Cell Lung Cancer (FLAURA2),"A Phase III, Open-label, Randomized Study of Osimertinib With or Without Platinum Plus Pemetrexed Chemo, as First-line Treatment in Patients With Epidermal Growth Factor Receptor (EGFR) Mutation Positive, Locally Advanced or Metastatic Non-small Cell Lung Cancer (FLAURA2).",PHASE3,ACTIVE_NOT_RECRUITING,non-small cell lung cancer,Osimertinib,AZD9291,AstraZeneca,587,2019-07-02,2026-12-22,Progression-free Survival (PFS) (Randomized Component),LIKELY_PASS,8453202,Osimertinib plus platinum–pemetrexed in newly diagnosed epidermal growth factor receptor mutation-positive advanced/metastatic non-small-cell lung cancer: safety run-in results from the FLAURA2 study,ESMO Open,2021 Sep 17,True,True,True,TAGRISSO,OSIMERTINIB,"1 INDICATIONS AND USAGE TAGRISSO is a kinase inhibitor indicated for: • adjuvant therapy after tumor resection in adult patients with non-small cell lung cancer (NSCLC) whose tumors have epidermal growth factor receptor (EGFR) exon 19 deletions or exon 21 L858R mutations, as detected by an FDA-approved test. ( 1.1 , 2.2 ) • the treatment of adult patients with locally advanced, unresectable (stage III) NSCLC whose disease has not progressed during or following concurrent or sequential platinum-b",100,103
NCT03703297,"Study of Durvalumab + Tremelimumab, Durvalumab, and Placebo in Limited Stage Small-Cell Lung Cancer in Patients Who Have Not Progressed Following Concurrent Chemoradiation Therapy","A Phase III, Randomized, Double-blind, Placebo-controlled, Multi-center, International Study of Durvalumab or Durvalumab and Tremelimumab as Consolidation Treatment for Patients With Limited Stage Small Cell Lung Cancer Who Have Not Progressed Following Concurrent Chemoradiation Therapy (ADRIATIC)",PHASE3,ACTIVE_NOT_RECRUITING,small cell lung cancer,Durvalumab,MEDI4736,AstraZeneca,730,2018-09-27,2026-10-23,Durvalumab Versus Placebo: Progression-Free Survival (PFS) Assessed by Blinded Independent Central Review (BICR) Per Response Evaluation Criteria in Solid Tumors Version 1.1,LIKELY_PASS,12626786,Durvalumab consolidation therapy in patients with stage III small cell lung cancer after concurrent chemoradiation: a China-based cost-effectiveness analysis,Front Oncol,2025 Nov 5,True,True,True,IMFINZI,DURVALUMAB,"1 INDICATIONS AND USAGE IMFINZI is a programmed death-ligand 1 (PD-L1) blocking antibody indicated: • in combination with platinum-containing chemotherapy as neoadjuvant treatment, followed by IMFINZI continued as a single agent as adjuvant treatment after surgery, for the treatment of adult patients with resectable (tumors ≥ 4 cm and/or node positive) non-small cell lung cancer (NSCLC) and no known epidermal growth factor receptor (EGFR) mutations or anaplastic lymphoma kinase (ALK) rearrangeme",100,103
NCT03515837,Study of Pemetrexed + Platinum Chemotherapy With or Without Pembrolizumab (MK-3475) in Adults With Tyrosine Kinase Inhibitor- (TKI)-Resistant Epidermal Growth Factor Receptor- (EGFR)-Mutated Metastatic Non-squamous Non-small Cell Lung Cancer (NSCLC) (MK-3475-789/KEYNOTE-789),"A Randomized, Double-Blind, Phase 3 Study of Pemetrexed + Platinum Chemotherapy With or Without Pembrolizumab (MK-3475) in TKI-resistant EGFR-mutated Tumors in Metastatic Non-squamous Non-small Cell Lung Cancer (NSCLC) Participants (KEYNOTE-789)",PHASE3,COMPLETED,non-small cell lung cancer,carboplatin,,Merck Sharp & Dohme LLC,492,2018-06-29,2023-10-02,Overall Survival (OS),LIKELY_PASS,11608596,"Phase III KEYNOTE-789 Study of Pemetrexed and Platinum With or Without Pembrolizumab for Tyrosine Kinase Inhibitor‒Resistant, EGFR–Mutant, Metastatic Nonsquamous Non–Small Cell Lung Cancer",J Clin Oncol,2024 Aug 22,True,True,True,CARBOPLATIN,CARBOPLATIN,"INDICATIONS Initial Treatment of Advanced Ovarian Carcinoma Carboplatin injection is indicated for the initial treatment of advanced ovarian carcinoma in established combination with other approved chemotherapeutic agents. One established combination regimen consists of carboplatin and cyclophosphamide. Two randomized controlled studies conducted by the NCIC and SWOG with carboplatin versus cisplatin, both in combination with cyclophosphamide, have demonstrated equivalent overall survival betwee",100,103
NCT03829332,Efficacy and Safety Study of Pembrolizumab (MK-3475) With or Without Lenvatinib (MK-7902/E7080) in Adults With Programmed Cell Death-Ligand 1 (PD-L1)-Positive Treatment-naïve Nonsmall Cell Lung Cancer (NSCLC) (MK-7902-007/E7080-G000-314/LEAP-007),"A Phase 3, Randomized, Double-blind Trial of Pembrolizumab (MK-3475) With or Without Lenvatinib (E7080/MK-7902) in Participants With Treatment-naïve, Metastatic Nonsmall Cell Lung Cancer (NSCLC) Whose Tumors Have a Tumor Proportion Score (TPS) Greater Than or Equal to 1% (LEAP-007)",PHASE3,COMPLETED,non-small cell lung cancer,Lenvatinib,E7080,Merck Sharp & Dohme LLC,623,2019-03-13,2024-04-24,Progression-free Survival (PFS) as Assessed by Response Evaluation Criteria in Solid Tumors Version 1.1 (RECIST 1.1),LIKELY_PASS,9271663,Development of Immunotherapy Strategies Targeting Tumor Microenvironment Is Fiercely Ongoing,Front Immunol,2022 Jun 27,True,True,True,Lenvima,LENVATINIB,"1 INDICATIONS AND USAGE LENVIMA is a kinase inhibitor that is indicated: Differentiated Thyroid Cancer (DTC) For the treatment of adult patients with locally recurrent or metastatic, progressive, radioactive iodine-refractory differentiated thyroid cancer (DTC). ( 1.1 ) Renal Cell Carcinoma (RCC) In combination with pembrolizumab, for the first line treatment of adult patients with advanced renal cell carcinoma (RCC). ( 1.2 ) In combination with everolimus, for the treatment of adult patients wi",100,103
NCT05091567,"A Phase III, Open-Label Study of Maintenance Lurbinectedin in Combination With Atezolizumab Compared With Atezolizumab in Participants With Extensive-Stage Small-Cell Lung Cancer","A Phase III, Randomized, Open-Label, Multicenter Study of Lurbinectedin in Combination With Atezolizumab Compared With Atezolizumab as Maintenance Therapy in Participants With Extensive-Stage Small-Cell Lung Cancer (ES-SCLC) Following First-Line Induction Therapy With Carboplatin, Etoposide and Atezolizumab",PHASE3,ACTIVE_NOT_RECRUITING,small-cell lung cancer,Lurbinectedin,PM01183/JZP712,Jazz Pharmaceuticals,660,2021-11-18,2026-08-13,Randomized Phase: Independent Review Facility (IRF) - Assessed Progression Free Survival (PFS),LIKELY_PASS,11909689,Current and future perspectives in extensive-stage small-cell lung cancer,Ther Adv Med Oncol,2025 Mar 15,True,True,True,ZEPZELCA,LURBINECTEDIN,"1 INDICATIONS AND USAGE ZEPZELCA is an alkylating drug indicated: • in combination with atezolizumab or atezolizumab and hyaluronidase-tqj, for the maintenance treatment of adult patients with extensive-stage small cell lung cancer whose disease has not progressed after first-line induction therapy with atezolizumab or atezolizumab and hyaluronidase-tqjs, carboplatin and etoposide. ( 1.1 ) • For the treatment of adult patients with metastatic small cell lung cancer (SCLC) with disease progressio",100,103
NCT03425643,"Efficacy and Safety of Pembrolizumab (MK-3475) With Platinum Doublet Chemotherapy as Neoadjuvant/Adjuvant Therapy for Participants With Resectable Stage II, IIIA, and Resectable IIIB (T3-4N2) Non-small Cell Lung Cancer (MK-3475-671/KEYNOTE-671)","A Phase III, Randomized, Double-blind Trial of Platinum Doublet Chemotherapy +/-Pembrolizumab (MK-3475) as Neoadjuvant/Adjuvant Therapy for Participants With Resectable Stage II, IIIA, and Resectable IIIB (T3-4N2) Non-small Cell Lung Cancer (NSCLC) (KEYNOTE-671)",PHASE3,ACTIVE_NOT_RECRUITING,non-small cell lung cancer,Pemetrexed,Alimta®,Merck Sharp & Dohme LLC,797,2018-04-24,2026-06-29,Event Free Survival (EFS),LIKELY_PASS,11512588,"Neoadjuvant pembrolizumab plus chemotherapy followed by adjuvant pembrolizumab compared with neoadjuvant chemotherapy alone in patients with early-stage non-small-cell lung cancer (KEYNOTE-671): a randomised, double-blind, placebo-controlled, phase 3 trial",Lancet,2024 Sep 14,True,True,True,Pemetrexed,PEMETREXED DISODIUM,"1 INDICATIONS AND USAGE Pemetrexed for Injection is a folate analog metabolic inhibitor indicated: in combination with pembrolizumab and platinum chemotherapy, for the initial treatment of patients with metastatic non-squamous non-small cell lung cancer (NSCLC), with no EGFR or ALK genomic tumor aberrations. ( 1.1 ) in combination with cisplatin for the initial treatment of patients with locally advanced or metastatic, non-squamous NSCLC. ( 1.1 ) as a single agent for the maintenance treatment o",100,103
NCT03811002,"Testing the Addition of a New Immunotherapy Drug, Atezolizumab (MPDL3280A), to the Usual Chemoradiation (CRT) Therapy Treatment for Limited Stage Small Cell Lung Cancer (LS-SCLC)",Limited Stage Small Cell Lung Cancer (LS-SCLC): A Phase III Randomized Study of Chemoradiation Versus Chemoradiation Plus Atezolizumab,PHASE3,ACTIVE_NOT_RECRUITING,stage i lung cancer ajcc v8,Etoposide,VP16,NRG Oncology,544,2019-07-26,2029-02-21,Overall Survival,LIKELY_FAIL,9459930,Creating and Implementing a Principal Investigator Tool Kit for Enhancing Accrual to Late Phase Clinical Trials: Development and Usability Study,JMIR Cancer,2022 Aug 25,True,True,True,Etoposide,ETOPOSIDE,"INDICATIONS AND USAGE Etoposide Injection is indicated in the management of the following neoplasms: Refractory Testicular Tumors Etoposide Injection in combination therapy with other approved chemotherapeutic agents in patients with refractory testicular tumors who have already received appropriate surgical, chemotherapeutic, and radiotherapeutic therapy. Small Cell Lung Cancer Etoposide Injection and/or capsules in combination with other approved chemotherapeutic agents as first line treatment",100,93
NCT04676412,Efficacy and Safety Study of Pembrolizumab (MK-3475) With or Without Lenvatinib (MK-7902/E7080) in Adults With Programmed Cell Death-Ligand 1 (PD-L1)-Positive Treatment-naïve Nonsmall Cell Lung Cancer (NSCLC) [MK-7902-007/E7080-G000-314/LEAP-007] - China Extension Study,"A Phase 3, Randomized, Double-blind Trial of Pembrolizumab (MK-3475) With or Without Lenvatinib (E7080/MK-7902) in Participants With Treatment-naïve, Metastatic Nonsmall Cell Lung Cancer (NSCLC) Whose Tumors Have a Tumor Proportion Score (TPS) Greater Than or Equal to 1% (LEAP-007)",PHASE3,COMPLETED,non-small cell lung cancer,Lenvatinib,LENVIMA®,Eisai Inc.,107,2019-10-23,2024-03-29,Progression-free Survival (PFS) Per Response Evaluation Criteria in Solid Tumors Version 1.1 (RECIST 1.1) as Assessed by Blinded Independent Central Review (BICR),LIKELY_FAIL,11275440,Targeting cytokine and chemokine signaling pathways for cancer therapy,Signal Transduct Target Ther,2024 Jul 22,True,True,True,Lenvima,LENVATINIB,"1 INDICATIONS AND USAGE LENVIMA is a kinase inhibitor that is indicated: Differentiated Thyroid Cancer (DTC) For the treatment of adult patients with locally recurrent or metastatic, progressive, radioactive iodine-refractory differentiated thyroid cancer (DTC). ( 1.1 ) Renal Cell Carcinoma (RCC) In combination with pembrolizumab, for the first line treatment of adult patients with advanced renal cell carcinoma (RCC). ( 1.2 ) In combination with everolimus, for the treatment of adult patients wi",100,93
NCT05089734,Study of Sacituzumab Govitecan (SG) Versus Docetaxel in Participants With Advanced or Metastatic Non-Small Cell Lung Cancer (NSCLC),"Open-Label, Global, Multicenter, Randomized, Phase 3 Study of Sacituzumab Govitecan Versus Docetaxel in Patients With Advanced or Metastatic Non-Small Cell Lung Cancer (NSCLC) With Progression on or After Platinum-Based Chemotherapy and Anti-PD-1/PD-L1 Immunotherapy",PHASE3,ACTIVE_NOT_RECRUITING,non-small cell lung cancer,Docetaxel,,Gilead Sciences,603,2021-11-17,2026-01-31,Overall Survival (OS),LIKELY_FAIL,12828819,"Patient-Reported Symptoms and Quality of Life With Sacituzumab Govitecan Versus Docetaxel in Metastatic NSCLC: The Phase 3, Randomized EVOKE-01 Trial",JTO Clin Res Rep,2025 Oct 30,True,True,True,Docetaxel,DOCETAXEL ANHYDROUS,"1 INDICATIONS AND USAGE Docetaxel Injection is a microtubule inhibitor indicated for: • Breast Cancer (BC): single agent for locally advanced or metastatic BC after chemotherapy failure; and with doxorubicin and cyclophosphamide as adjuvant treatment of operable node-positive BC ( 1.1 ) • Non-small Cell Lung Cancer (NSCLC): single agent for locally advanced or metastatic NSCLC after platinum therapy failure; and with cisplatin for unresectable, locally advanced or metastatic untreated NSCLC ( 1.",100,93
NCT04256421,A Study of Atezolizumab Plus Carboplatin and Etoposide With or Without Tiragolumab in Patients With Untreated Extensive-Stage Small Cell Lung Cancer,"A Phase III, Randomized, Double-Blind, Placebo-Controlled Study of Atezolizumab Plus Carboplatin and Etoposide With or Without Tiragolumab (Anti-Tigit Antibody) in Patients With Untreated Extensive-Stage Small Cell Lung Cancer",PHASE3,COMPLETED,small cell lung cancer,Tiragolumab,MTIG7192A,Hoffmann-La Roche,490,2020-02-04,2025-07-31,Investigator-Assessed Progression Free Survival (PFS) in the Primary Analysis Set (PAS),LIKELY_FAIL,7656422,Combinational immunotherapy based on immune checkpoints inhibitors in small cell lung cancer: is this the beginning to reverse the refractory situation?,J Thorac Dis,2020 Oct,True,True,True,OPDIVO QVANTIG,NIVOLUMAB AND HYALURONIDASE-NVHY,"1 INDICATIONS AND USAGE OPDIVO QVANTIG is a combination of nivolumab, a programmed death receptor-1 (PD-1)-blocking antibody, and hyaluronidase, an endoglycosidase, indicated for the treatment of: Renal Cell Carcinoma (RCC) • adult patients with intermediate or poor risk advanced RCC, as a first-line treatment following combination treatment with intravenous nivolumab and ipilimumab. (1.1) • Limitations of Use: OPDIVO QVANTIG is not indicated in combination with ipilimumab for the treatment of r",100,93
NCT05226598,Study of Pembrolizumab/Vibostolimab Coformulation (MK-7684A) in Combination With Chemotherapy Versus Pembrolizumab Plus Chemotherapy in Participants With Metastatic Non-Small Cell Lung Cancer (MK-7684A-007/KEYVIBE-007),"A Randomized, Double-Blind, Phase 3 Study of Pembrolizumab/Vibostolimab Coformulation (MK-7684A) in Combination With Chemotherapy Versus Pembrolizumab Plus Chemotherapy as First Line Treatment for Participants With Metastatic Non-Small Cell Lung Cancer (MK-7684A-007/KEYVIBE-007)",PHASE3,ACTIVE_NOT_RECRUITING,metastatic non-small cell lung cancer,Pemetrexed,Alimta®,Merck Sharp & Dohme LLC,739,2022-03-24,2026-01-09,Overall Survival (OS) in Participants With Programmed Cell Death-Ligand 1 (PD-L1) Tumor Proportion Score (TPS) ≥1%,LIKELY_FAIL,11497960,The KEYVIBE program: vibostolimab and pembrolizumab for the treatment of advanced malignancies,Future Oncol,2024 Sep 4,True,True,True,Pemetrexed,PEMETREXED DISODIUM,"1 INDICATIONS AND USAGE Pemetrexed for Injection is a folate analog metabolic inhibitor indicated: in combination with pembrolizumab and platinum chemotherapy, for the initial treatment of patients with metastatic non-squamous non-small cell lung cancer (NSCLC), with no EGFR or ALK genomic tumor aberrations. ( 1.1 ) in combination with cisplatin for the initial treatment of patients with locally advanced or metastatic, non-squamous NSCLC. ( 1.1 ) as a single agent for the maintenance treatment o",100,93
NCT03447769,Brief Title: Study of Efficacy and Safety of Canakinumab as Adjuvant Therapy in Adult Subjects With Stages AJCC/UICC v. 8 II-IIIA and IIIB (T>5cm N2) Completely Resected Non-small Cell Lung Cancer Acronym: CANOPY-A,"A Phase III, Multicenter, Randomized, Double Blind, Placebo-controlled Study Evaluating the Efficacy and Safety of Canakinumab Versus Placebo as Adjuvant Therapy in Adult Subjects With Stages AJCC/UICC v. 8 II -IIIA and IIIB (T>5cm N2) Completely Resected (R0) Non-small Cell Lung Cancer (NSCLC)",PHASE3,TERMINATED,non-small cell lung cancer,Canakinumab,ACZ885,Novartis Pharmaceuticals,1382,2018-03-16,2023-02-07,Disease Free Survival (DFS) by Local Investigator,DEFINITE_FAIL,8658154,"Neoadjuvant and Adjuvant Immunotherapy in Early-Stage Non-Small-Cell Lung Cancer, Past, Present, and Future",J Clin Med,2021 Nov 29,True,True,True,GUNA-HEMORRHOIDS,ACTIVATED CHARCOAL - ARNICA MONTANA - ATROPA BELLADONNA - CANAKINUMAB - HYDROCOTYLE ASIATICA EXTRACT - AESCULUS HIPPOCASTANUM FLOWER - MELISSA OFFICINALIS - PAEONIA OFFICINALIS ROOT - PODOPHYLLUM PELTATUM ROOT - PORK LIVER - STRYCHNOS NUX-VOMICA SEED - SUS SCROFA SMALL INTESTINE MUCOSA LYMPH FOLLICLE - SUS SCROFA VEIN - HAMAMELIS VIRGINIANA ROOT BARK/STEM BARK - ANTI-INTERLEUKIN-1.ALPHA. IMMUNOGLOBULIN G RABBIT -,Take 15 minutes before meals.,100,93
NCT03976375,Efficacy and Safety of Pembrolizumab (MK-3475) With Lenvatinib (E7080/MK-7902) vs. Docetaxel in Participants With Metastatic Non-Small Cell Lung Cancer (NSCLC) and Progressive Disease (PD) After Platinum Doublet Chemotherapy and Immunotherapy (MK-7902-008/E7080-G000-316/LEAP-008),"A Phase 3, Multicenter, Randomized, Open-label Trial to Compare the Efficacy and Safety of Pembrolizumab (MK-3475) in Combination With Lenvatinib (E7080/MK-7902) Versus Docetaxel in Previously Treated Participants With Metastatic Non-small Cell Lung Cancer (NSCLC) and Progressive Disease (PD) After Platinum Doublet Chemotherapy and Immunotherapy (LEAP-008)",PHASE3,COMPLETED,metastatic non-small cell lung cancer,Lenvatinib,LENVIMA®,Merck Sharp & Dohme LLC,422,2019-06-26,2024-08-22,Overall Survival (OS),LIKELY_FAIL,12627020,Overcoming resistance to immune checkpoint inhibitor in non-small cell lung cancer: the promise of combination therapy,Front Immunol,2025 Nov 5,True,True,True,Lenvima,LENVATINIB,"1 INDICATIONS AND USAGE LENVIMA is a kinase inhibitor that is indicated: Differentiated Thyroid Cancer (DTC) For the treatment of adult patients with locally recurrent or metastatic, progressive, radioactive iodine-refractory differentiated thyroid cancer (DTC). ( 1.1 ) Renal Cell Carcinoma (RCC) In combination with pembrolizumab, for the first line treatment of adult patients with advanced renal cell carcinoma (RCC). ( 1.2 ) In combination with everolimus, for the treatment of adult patients wi",100,93
NCT05740566,Study Comparing Tarlatamab With Standard of Care Chemotherapy in Relapsed Small Cell Lung Cancer,"A Randomized, Open-label, Phase 3 Study of Tarlatamab Compared With Standard of Care in Subjects With Relapsed Small Cell Lung Cancer After Platinum-based First-line Chemotherapy",PHASE3,ACTIVE_NOT_RECRUITING,small cell lung cancer (sclc),Amrubicin,,Amgen,509,2023-05-31,2028-03-26,Overall Survival (OS),LIKELY_PASS,11789469,Plain language summary: tarlatamab for patients with previously treated small cell lung cancer,Future Oncol,2024 Nov 12,True,True,False,,,,80,88
NCT03521154,A Global Study to Assess the Effects of Osimertinib Following Chemoradiation in Patients With Stage III Unresectable Non-small Cell Lung Cancer (LAURA),"A Phase III, Randomized, Double-blind, Placebo-controlled, Multicenter, International Study of Osimertinib as Maintenance Therapy in Patients With Locally Advanced, Unresectable EGFR Mutation-positive Non-Small Cell Lung Cancer (Stage III) Whose Disease Has Not Progressed Following Definitive Platinum-based Chemoradiation Therapy (LAURA).",PHASE3,ACTIVE_NOT_RECRUITING,non small cell lung cancer (stage iii),Placebo Osimertinib 80mg/40mg,,AstraZeneca,216,2018-07-19,2027-04-13,Progression-free Survival (PFS) by Blinded Independent Central Review (BICR),LIKELY_PASS,12044223,"LAURA Completes the Osimertinib Treatment Jigsaw Puzzle of EGFR+ NSCLC from Stage IB to IV: Adjuvant Osimertinib Significantly Improves PFS and CNS Progression in Unresectable Stage III EGFR-Mutated NSCLC Compared to Placebo (LAURA, NCT03521154)",Lung Cancer (Auckl),2025 Apr 25,True,True,False,,,,80,88
NCT04063163,A Phase III Study to Investigate Efficacy and Safety of HLX10 + Chemotherapy in Patients With ES-SCLC,"A Randomized, Double-Blind, Multicenter, Phase III Study to Compare Efficacy and Safety of HLX10 in Combination With Chemotherapy in Previously Untreated Patients With ES-SCLC",PHASE3,COMPLETED,extensive stage small cell lung cancer,carboplatin and etoposide,,Shanghai Henlius Biotech,585,2019-09-12,2024-05-07,OS,LIKELY_PASS,12424064,Population Pharmacokinetics and Exposure–Response Analysis of Serplulimab in Small Cell Lung Cancer Patients,Clin Transl Sci,2025 Sep 11,True,True,False,,,,80,88
NCT04005716,Study of Platinum Plus Etoposide With or Without Tislelizumab in Participants With Untreated Extensive-Stage Small Cell Lung Cancer,"A Phase 3, Randomized, Double-Blind, Placebo-Controlled Study of Platinum Plus Etoposide With or Without Tislelizumab (BGB-A317) in Patients With Untreated Extensive-Stage Small Cell Lung Cancer",PHASE3,COMPLETED,small cell lung cancer,Placebo,,BeiGene,457,2019-07-22,2023-12-29,Overall Survival (OS),LIKELY_PASS,11685972,First-line chemotherapy with tislelizumab for patients with extensive-stage small cell lung cancer: a cost-effectiveness analysis,Sci Rep,2024 Dec 30,True,True,False,,,,80,88
NCT04685135,Phase 3 Study of MRTX849 (Adagrasib) vs Docetaxel in Patients With Advanced Non-Small Cell Lung Cancer With KRAS G12C Mutation,A Randomized Phase 3 Study of MRTX849 Versus Docetaxel in Patients With Previously Treated Non-Small Cell Lung Cancer With KRAS G12C Mutation,PHASE3,ACTIVE_NOT_RECRUITING,metastatic non small cell lung cancer,MRTX849,KRAZATI,Mirati Therapeutics Inc.,453,2021-02-23,2026-07-02,Progression-Free Survival (PFS) as Per Blinded Independent Central Review,LIKELY_PASS,11534526,Adagrasib in KRYSTAL-12 has Broken the KRASG12C Enigma Code in Non-Small Cell Lung Carcinoma,Lung Cancer (Auckl),2024 Oct 30,True,True,False,,,,80,88
NCT03906071,Phase 3 Study of Sitravatinib Plus Nivolumab vs Docetaxel in Patients With Advanced Non-Squamous Non-Small Cell Lung Cancer,A Randomized Phase 3 Study of Sitravatinib in Combination With Nivolumab Versus Docetaxel in Patients With Advanced Non-Squamous Non-Small Cell Lung Cancer With Disease Progression On or After Platinum-Based Chemotherapy and Checkpoint Inhibitor Therapy SAPPHIRE,PHASE3,COMPLETED,metastatic non-squamous non-small cell lung cancer,Docetaxel,Taxotere,Bristol-Myers Squibb,577,2019-07-15,2025-09-30,Overall Survival (OS),LIKELY_FAIL,12627020,Overcoming resistance to immune checkpoint inhibitor in non-small cell lung cancer: the promise of combination therapy,Front Immunol,2025 Nov 5,True,False,True,Docetaxel,DOCETAXEL ANHYDROUS,"1 INDICATIONS AND USAGE Docetaxel Injection is a microtubule inhibitor indicated for: • Breast Cancer (BC): single agent for locally advanced or metastatic BC after chemotherapy failure; and with doxorubicin and cyclophosphamide as adjuvant treatment of operable node-positive BC ( 1.1 ) • Non-small Cell Lung Cancer (NSCLC): single agent for locally advanced or metastatic NSCLC after platinum therapy failure; and with cisplatin for unresectable, locally advanced or metastatic untreated NSCLC ( 1.",80,85
NCT04154956,"SAR408701 Versus Docetaxel in Previously Treated, Carcinoembryonic Antigen-related Cell Adhesion Molecule 5 (CEACAM5) Positive Metastatic Non-squamous Non-small-cell Lung Cancer Patients","Randomized, Open-label, Phase 3 Study of SAR408701 Versus Docetaxel in Previously Treated, Metastatic Nonsquamous, Non-small-cell Lung Cancer Patients With CEACAM5-positive Tumors",PHASE3,ACTIVE_NOT_RECRUITING,non-small cell lung cancer metastatic,Docetaxel,TAXOTERE,Sanofi,389,2020-02-06,2026-03-31,Progression-free Survival (PFS),LIKELY_FAIL,11168773,CEA (CEACAM5) expression is common in muscle‐invasive urothelial carcinoma of the bladder but unrelated to the disease course,BJUI Compass,2024 Apr 2,True,False,True,Docetaxel,DOCETAXEL ANHYDROUS,"1 INDICATIONS AND USAGE Docetaxel Injection is a microtubule inhibitor indicated for: • Breast Cancer (BC): single agent for locally advanced or metastatic BC after chemotherapy failure; and with doxorubicin and cyclophosphamide as adjuvant treatment of operable node-positive BC ( 1.1 ) • Non-small Cell Lung Cancer (NSCLC): single agent for locally advanced or metastatic NSCLC after platinum therapy failure; and with cisplatin for unresectable, locally advanced or metastatic untreated NSCLC ( 1.",80,85
NCT03519971,Study of Durvalumab Given With Chemoradiation Therapy in Patients With Unresectable Non-small Cell Lung Cancer,"A Phase III, Randomized, Placebo-controlled, Double-blind, Multi-center, International Study of Durvalumab Given Concurrently With Platinum-based Chemoradiation Therapy in Patients With Locally Advanced, Unresectable NSCLC (Stage III) (PACIFIC2)",PHASE3,ACTIVE_NOT_RECRUITING,non-small cell lung cancer,Durvalumab,MEDI4736,AstraZeneca,328,2018-03-29,2025-12-01,Progression-Free Survival (PFS),LIKELY_FAIL,7350600,Chemoradioimmunotherapy of inoperable stage III non-small cell lung cancer: immunological rationale and current clinical trials establishing a novel multimodal strategy,Radiat Oncol,2020 Jul 9,True,False,True,IMFINZI,DURVALUMAB,"1 INDICATIONS AND USAGE IMFINZI is a programmed death-ligand 1 (PD-L1) blocking antibody indicated: • in combination with platinum-containing chemotherapy as neoadjuvant treatment, followed by IMFINZI continued as a single agent as adjuvant treatment after surgery, for the treatment of adult patients with resectable (tumors ≥ 4 cm and/or node positive) non-small cell lung cancer (NSCLC) and no known epidermal growth factor receptor (EGFR) mutations or anaplastic lymphoma kinase (ALK) rearrangeme",80,85
NCT03743051,A Study to Evaluate the Efficacy and Safety of Anamorelin HCl for the Treatment of Malignancy Associated Weight Loss and Anorexia in Adult Patients With Advanced Non-Small Cell Lung Cancer (NSCLC),"A Phase 3 Randomized, Double-Blind, Placebo-Controlled, Multicenter Study to Evaluate the Efficacy and Safety of Anamorelin HCl for the Treatment of Malignancy Associated Weight Loss and Anorexia in Adult Patients With Advanced Non-Small Cell Lung Cancer (NSCLC)",PHASE3,COMPLETED,non small cell lung cancer,Anamorelin Hydrochloride,,Helsinn Healthcare SA,318,2019-03-05,2023-02-11,Mean Change From Baseline in Body Weight Over 12 Weeks,LIKELY_PASS,10570116,Abstracts,J Cachexia Sarcopenia Muscle,2023 Sep 8,True,False,False,,,,60,80
NCT03829319,Safety and Efficacy Study of Pemetrexed + Platinum Chemotherapy + Pembrolizumab (MK-3475) With or Without Lenvatinib (MK-7902/E7080) as First-line Intervention in Adults With Metastatic Nonsquamous Non-small Cell Lung Cancer (MK-7902-006/E7080-G000-315/LEAP-006),"A Phase 3 Randomized, Placebo-controlled Study to Evaluate the Safety and Efficacy of Pemetrexed + Platinum Chemotherapy + Pembrolizumab (MK-3475) With or Without Lenvatinib (E7080/MK-7902) as First-line Intervention in Participants With Metastatic Nonsquamous Non-small Cell Lung Cancer (LEAP-006)",PHASE3,COMPLETED,nonsquamous non-small cell lung cancer,Placebo matching lenvatinib,,Merck Sharp & Dohme LLC,761,2019-03-25,2024-08-30,Part 2: Progression-free Survival (PFS) Per Response Evaluation Criteria in Solid Tumors Version 1.1 (RECIST 1.1),LIKELY_FAIL,9271663,Development of Immunotherapy Strategies Targeting Tumor Microenvironment Is Fiercely Ongoing,Front Immunol,2022 Jun 27,True,True,False,,,,80,78
NCT03924869,Efficacy and Safety Study of Stereotactic Body Radiotherapy (SBRT) With or Without Pembrolizumab (MK-3475) in Adults With Unresected Stage I or II Non-Small Cell Lung Cancer (NSCLC) (MK-3475-867/KEYNOTE-867),"A Phase 3, Randomized, Placebo-Controlled Clinical Study to Evaluate the Safety and Efficacy of Stereotactic Body Radiotherapy (SBRT) With or Without Pembrolizumab (MK-3475) in Participants With Unresected Stages I or II Non Small Cell Lung Cancer (NSCLC) (KEYNOTE-867)",PHASE3,TERMINATED,non-small cell lung cancer,Placebo,,Merck Sharp & Dohme LLC,448,2019-06-25,2025-01-20,Event-free Survival (EFS),DEFINITE_FAIL,11413752,Stereotactic vs Hypofractionated Radiotherapy for Inoperable Stage I Non–Small Cell Lung Cancer: The LUSTRE Phase 3 Randomized Clinical Trial,JAMA Oncol,2024 Sep 19,True,True,False,,,,80,78
NCT03088813,Study of Irinotecan Liposome Injection (ONIVYDE®) in Patients With Small Cell Lung Cancer,"RESILIENT: A Randomized, Open Label Phase 3 Study of Irinotecan Liposome Injection (ONIVYDE®) Versus Topotecan in Patients With Small Cell Lung Cancer Who Have Progressed on or After Platinum-based First-Line Therapy",PHASE3,COMPLETED,small cell lung cancer,Irinotecan liposome injection,ONIVYDE®,Ipsen,491,2018-04-25,2023-07-27,Part 2: Overall Survival (OS),LIKELY_FAIL,11210946,"RESILIENT Part 2: A Randomized, Open-Label Phase III Study of Liposomal Irinotecan Versus Topotecan in Adults With Relapsed Small Cell Lung Cancer",J Clin Oncol,2024 Apr 22,True,True,False,,,,80,78
NCT05722015,A Study of Subcutaneous (SC) Pembrolizumab Coformulated With Berahyaluronidase Alfa (MK-3475A) vs Intravenous Pembrolizumab in Adult Participants With Metastatic Non-small Cell Lung Cancer (NSCLC) (MK-3475A-D77),"A Phase 3 Randomized, Open-label Clinical Study to Evaluate the Pharmacokinetics and Safety of Subcutaneous Pembrolizumab Coformulated With Hyaluronidase (MK-3475A) Versus Intravenous Pembrolizumab, Administered With Chemotherapy, in the First-line Treatment of Participants With Metastatic Non-small Cell Lung Cancer",PHASE3,ACTIVE_NOT_RECRUITING,metastatic non-small cell lung cancer,Nab-paclitaxel,Albumin-bound paclitaxel,Merck Sharp & Dohme LLC,377,2023-02-14,2028-05-22,Cycle 1: Area Under the Curve From Time 0 to 6 Weeks (AUC0-6 Weeks) of Pembrolizumab After the First Dose,LIKELY_PASS,12669309,Weight-Based Pembrolizumab Dosing at 4 mg/kg Every 6 Weeks Leads to Exposures Below Approved Doses with Unestablished Efficacy: A Pharmacokinetic Model-Based Simulation Analysis,Target Oncol,2025 Nov 12,False,True,True,Paclitaxel,PACLITAXEL,"INDICATIONS AND USAGE Paclitaxel Injection, USP is indicated as subsequent therapy for the treatment of advanced carcinoma of the ovary. As first-line therapy, Paclitaxel Injection, USP is indicated in combination with cisplatin. Paclitaxel Injection, USP is indicated for the adjuvant treatment of node-positive breast cancer administered sequentially to standard doxorubicin-containing combination chemotherapy. In the clinical trial, there was an overall favorable effect on disease-free and overa",65,53
NCT06211036,"Study Comparing Tarlatamab and Durvalumab Versus Durvalumab Alone in First-Line Extensive-Stage Small-Cell Lung Cancer (ES-SCLC) Following Platinum, Etoposide and Durvalumab","A Phase 3, Open-label, Multicenter, Randomized Study of Tarlatamab in Combination With Durvalumab vs Durvalumab Alone in Subjects With Extensive-Stage Small-Cell Lung Cancer Following Platinum, Etoposide and Durvalumab (DeLLphi-305)",PHASE3,ACTIVE_NOT_RECRUITING,small-cell lung cancer,Durvalumab,,Amgen,563,2024-06-05,2028-09-30,,NO_RESULTS,12009746,Antibody-Based Therapeutics in Small Cell Lung Cancer: A Narrative Review,Biologics,2025 Apr 15,False,True,True,IMFINZI,DURVALUMAB,"1 INDICATIONS AND USAGE IMFINZI is a programmed death-ligand 1 (PD-L1) blocking antibody indicated: • in combination with platinum-containing chemotherapy as neoadjuvant treatment, followed by IMFINZI continued as a single agent as adjuvant treatment after surgery, for the treatment of adult patients with resectable (tumors ≥ 4 cm and/or node positive) non-small cell lung cancer (NSCLC) and no known epidermal growth factor receptor (EGFR) mutations or anaplastic lymphoma kinase (ALK) rearrangeme",65,43
NCT03802240,Sintilimab ± IBI305 Plus Chemotherapy (Pemetrexed + Cisplatin) for EGFRm + Locally Advanced or Metastasis Non-Squamous NSCLC Patients After EGFR-TKI Treatment Failure,"A Randomized, Double-blind, Multi-center, Phase III Clinical Study Assessing the Efficacy and Safety of Sintilimab ± IBI305 Combined With Pemetrexed and Cisplatin in Patients With EGFR-mutant Locally Advanced or Metastatic Non-squamous Non-small Cell Lung Cancer Who Have Failed Epidermal Growth Factor Receptor Tyrosine Kinase Inhibitor (EGFR-TKI) Treatment (ORIENT-31)",PHASE3,COMPLETED,non-squamous non-small cell lung cancer,Pemetrexed,,Innovent Biologics (Suzhou) Co. Ltd.,492,2019-07-11,2023-06-30,,NO_RESULTS,10311169,Current treatment strategies for EGFR-mutated non-small cell lung cancer: from first line to beyond osimertinib resistance,Jpn J Clin Oncol,2023 Jun 3,False,True,True,Pemetrexed,PEMETREXED DISODIUM,"1 INDICATIONS AND USAGE Pemetrexed for Injection is a folate analog metabolic inhibitor indicated: in combination with pembrolizumab and platinum chemotherapy, for the initial treatment of patients with metastatic non-squamous non-small cell lung cancer (NSCLC), with no EGFR or ALK genomic tumor aberrations. ( 1.1 ) in combination with cisplatin for the initial treatment of patients with locally advanced or metastatic, non-squamous NSCLC. ( 1.1 ) as a single agent for the maintenance treatment o",65,43
NCT03800134,A Study of Neoadjuvant/Adjuvant Durvalumab for the Treatment of Patients With Resectable Non-small Cell Lung Cancer,"A Phase III, Double-blind, Placebo-controlled, Multi-center International Study of Neoadjuvant/Adjuvant Durvalumab for the Treatment of Patients With Resectable Stages II and III Non-small Cell Lung Cancer (AEGEAN)",PHASE3,ACTIVE_NOT_RECRUITING,non-small cell lung cancer,Durvalumab,MEDI4736,AstraZeneca,825,2018-12-06,2028-09-11,,NO_RESULTS,8658154,"Neoadjuvant and Adjuvant Immunotherapy in Early-Stage Non-Small-Cell Lung Cancer, Past, Present, and Future",J Clin Med,2021 Nov 29,False,True,True,IMFINZI,DURVALUMAB,"1 INDICATIONS AND USAGE IMFINZI is a programmed death-ligand 1 (PD-L1) blocking antibody indicated: • in combination with platinum-containing chemotherapy as neoadjuvant treatment, followed by IMFINZI continued as a single agent as adjuvant treatment after surgery, for the treatment of adult patients with resectable (tumors ≥ 4 cm and/or node positive) non-small cell lung cancer (NSCLC) and no known epidermal growth factor receptor (EGFR) mutations or anaplastic lymphoma kinase (ALK) rearrangeme",65,43
NCT04129502,TAK-788 as First-Line Treatment Versus Platinum-Based Chemotherapy for Non-Small Cell Lung Cancer (NSCLC) With EGFR Exon 20 Insertion Mutations,A Randomized Phase 3 Multicenter Open-Label Study to Compare the Efficacy of TAK-788 as First-Line Treatment Versus Platinum-Based Chemotherapy in Patients With Non-Small Cell Lung Cancer With EGFR Exon 20 Insertion Mutations,PHASE3,ACTIVE_NOT_RECRUITING,advanced/metastatic non-small cell lung cancer (nsclc),Cisplatin,,Takeda,354,2020-01-10,2026-10-31,,NO_RESULTS,12054980,First-Line Mobocertinib Versus Platinum-Based Chemotherapy in Patients With EGFR Exon 20 Insertion–Positive Metastatic Non–Small Cell Lung Cancer in the Phase III EXCLAIM-2 Trial,J Clin Oncol,2025 Jan 29,False,True,True,Cisplatin,CISPLATIN,INDICATIONS AND USAGE Cisplatin Injection is indicated as therapy to be employed as follows: Metastatic Testicular Tumors In established combination therapy with other approved chemotherapeutic agents in patients with metastatic testicular tumors who have already received appropriate surgical and/or radio therapeutic procedures. Metastatic Ovarian Tumors In established combination therapy with other approved chemotherapeutic agents in patients with metastatic ovarian tumors who have already rece,65,43
NCT04222972,A Study of Pralsetinib Versus Standard of Care for First-Line Treatment of Advanced Non-Small Cell Lung Cancer (NSCLC),"A Phase III, Randomized, Open-Label Study of Pralsetinib Versus Standard of Care for First-Line Treatment of RET Fusion-Positive, Metastatic Non-Small Cell Lung Cancer",PHASE3,COMPLETED,ret-fusion non small cell lung cancer,Nab-Paclitaxel,,Hoffmann-La Roche,223,2020-07-24,2025-01-27,,NO_RESULTS,11070427,Novel therapeutic strategies for rare mutations in non-small cell lung cancer,Sci Rep,2024 May 5,False,True,True,Paclitaxel,PACLITAXEL,"INDICATIONS AND USAGE Paclitaxel Injection, USP is indicated as subsequent therapy for the treatment of advanced carcinoma of the ovary. As first-line therapy, Paclitaxel Injection, USP is indicated in combination with cisplatin. Paclitaxel Injection, USP is indicated for the adjuvant treatment of node-positive breast cancer administered sequentially to standard doxorubicin-containing combination chemotherapy. In the clinical trial, there was an overall favorable effect on disease-free and overa",65,43
NCT04237090,Feasibility of a Clinical Trial Comparing the Use of Cetirizine to Replace Diphenhydramine in the Prevention of Reactions Related to Paclitaxel,Feasibility of a Randomized Controlled Clinical Trial Comparing the Use of Cetirizine to Replace Diphenhydramine in the Prevention of Reactions Related to Paclitaxel,PHASE3,COMPLETED,lung cancer,Cetirizine,Reactine,Ciusss de L'Est de l'Île de Montréal,27,2020-02-14,2020-09-04,,NO_RESULTS,8741567,A randomized double-blind feasibility study comparing cetirizine and diphenhydramine in the prevention of paclitaxel-associated infusion-related reactions: the PREMED-F1 study,Support Care Cancer,2022 Jan 8,False,True,True,Childrens Zyrtec,CETIRIZINE HYDROCHLORIDE,"Uses temporarily relieves these symptoms due to hay fever or other upper respiratory allergies: runny nose sneezing itchy, watery eyes itching of the nose or throat",65,43
NCT04351555,A Study of Osimertinib With or Without Chemotherapy Versus Chemotherapy Alone as Neoadjuvant Therapy for Patients With EGFRm Positive Resectable Non-Small Cell Lung Cancer,"A Phase III, Randomised, Controlled, Multi-center, 3-Arm Study of Neoadjuvant Osimertinib as Monotherapy or in Combination With Chemotherapy Versus Standard of Care Chemotherapy Alone for the Treatment of Patients With Epidermal Growth Factor Receptor Mutation Positive, Resectable Non-small Cell Lung Cancer",PHASE3,ACTIVE_NOT_RECRUITING,non-small cell lung cancer,Cisplatin,,AstraZeneca,358,2020-12-16,2029-06-13,,NO_RESULTS,8530153,Neoadjuvant osimertinib with/without chemotherapy versus chemotherapy alone for EGFR-mutated resectable non-small-cell lung cancer: NeoADAURA,Future Oncol,2021 Jul 19,False,True,True,Cisplatin,CISPLATIN,INDICATIONS AND USAGE Cisplatin Injection is indicated as therapy to be employed as follows: Metastatic Testicular Tumors In established combination therapy with other approved chemotherapeutic agents in patients with metastatic testicular tumors who have already received appropriate surgical and/or radio therapeutic procedures. Metastatic Ovarian Tumors In established combination therapy with other approved chemotherapeutic agents in patients with metastatic ovarian tumors who have already rece,65,43
NCT04379635,Comparing the Efficacy and Safety of a New Additional Treatment With Tislelizumab in Non-Small Cell Lung Cancer (NSCLC),"A Randomized, Double-Blind, Placebo-Controlled, Phase 3 Study to Compare the Efficacy and Safety of Neoadjuvant Treatment With Tislelizumab (BGB-A317, Anti-PD-1 Antibody) or Placebo Plus Platinum-Based Doublet Chemotherapy Followed By Adjuvant Tislelizumab or Placebo in Resectable Stage II or IIIA Non-Small Cell Lung Cancer",PHASE3,ACTIVE_NOT_RECRUITING,non small cell lung cancer,Carboplatin,,BeiGene,453,2020-05-29,2027-03-31,,NO_RESULTS,11940944,Efficacy and Safety of Perioperative Immunotherapy for Patients with Non-Small Cell Lung Cancer: A Systematic Review and Network Meta-Analysis,Curr Oncol,2025 Mar 20,False,True,True,CARBOPLATIN,CARBOPLATIN,"INDICATIONS Initial Treatment of Advanced Ovarian Carcinoma Carboplatin injection is indicated for the initial treatment of advanced ovarian carcinoma in established combination with other approved chemotherapeutic agents. One established combination regimen consists of carboplatin and cyclophosphamide. Two randomized controlled studies conducted by the NCIC and SWOG with carboplatin versus cisplatin, both in combination with cyclophosphamide, have demonstrated equivalent overall survival betwee",65,43
NCT04547504,PEmbRolizumab verSus chEmotherapy and pEmbrolizumab in Non-small-cell Lung Cancers (NSCLC) With PDL1 ≥ 50 %,"Randomized, Open-label, Controlled Phase III Trial Comparing Pembrolizumab-platinum Based Chemotherapy Combination With Pembrolizumab Monotherapy in First Line Treatment of Non-small-cell Lung Cancers (NSCLC) With PDL1 Expression ≥50%",PHASE3,ACTIVE_NOT_RECRUITING,non-small-cell lung cancer,Pembrolizumab,,Groupe Francais De Pneumo-Cancerologie,349,2020-12-22,2025-12-22,,NO_RESULTS,12752150,Survival impact of a KEAP1-NFE2L2 radiomics model in PDL1 ≥ 50% non-small cell lung cancer treated with pembrolizumab: the PEMBROMIC study,Cancer Imaging,2025 Nov 22,False,True,True,KEYTRUDA QLEX,PEMBROLIZUMAB AND BERAHYALURONIDASE ALFA-PMPH,"1 INDICATIONS AND USAGE KEYTRUDA QLEX is a combination of pembrolizumab, a programmed death receptor-1 (PD-1)-blocking antibody, and berahyaluronidase alfa, an endoglycosidase, indicated: Melanoma for the treatment of adult patients with unresectable or metastatic melanoma. ( 1.1 ) for the adjuvant treatment of adult and pediatric patients 12 years and older with Stage IIB, IIC, or III melanoma following complete resection. ( 1.1 ) Non-Small Cell Lung Cancer (NSCLC) in combination with pemetrexe",65,43
NCT03631199,Study of Efficacy and Safety of Pembrolizumab Plus Platinum-based Doublet Chemotherapy With or Without Canakinumab in Previously Untreated Locally Advanced or Metastatic Non-squamous and Squamous NSCLC Subjects,"A Randomized, Double-blind, Placebo-controlled, Phase III Study Evaluating the Efficacy and Safety of Pembrolizumab Plus Platinum-based Doublet Chemotherapy With or Without Canakinumab as First Line Therapy for Locally Advanced or Metastatic Non-squamous and Squamous Non-small Cell Lung Cancer Subjects (CANOPY-1)",PHASE3,ACTIVE_NOT_RECRUITING,non-small cell lung cancer,canakinumab,ACZ885,Novartis Pharmaceuticals,673,2018-12-21,2027-06-07,Part 1 (Safety Run-in): Number of Participants With Dose-limiting Toxicities (DLTs),NO_RESULTS,12207206,Defining Non–small Cell Lung Cancer Tumor Microenvironment Changes at Primary and Acquired Immune Checkpoint Inhibitor Resistance Using Clinical and Real-World Data,Cancer Res Commun,2025 Jun 30,False,True,True,GUNA-HEMORRHOIDS,ACTIVATED CHARCOAL - ARNICA MONTANA - ATROPA BELLADONNA - CANAKINUMAB - HYDROCOTYLE ASIATICA EXTRACT - AESCULUS HIPPOCASTANUM FLOWER - MELISSA OFFICINALIS - PAEONIA OFFICINALIS ROOT - PODOPHYLLUM PELTATUM ROOT - PORK LIVER - STRYCHNOS NUX-VOMICA SEED - SUS SCROFA SMALL INTESTINE MUCOSA LYMPH FOLLICLE - SUS SCROFA VEIN - HAMAMELIS VIRGINIANA ROOT BARK/STEM BARK - ANTI-INTERLEUKIN-1.ALPHA. IMMUNOGLOBULIN G RABBIT -,Take 15 minutes before meals.,65,43
NCT05388669,A Study of Lazertinib With Subcutaneous Amivantamab Compared With Intravenous Amivantamab in Participants With Epidermal Growth Factor Receptor (EGFR)-Mutated Advanced or Metastatic Non-small Cell Lung Cancer,"A Phase 3, Open-label, Randomized Study of Lazertinib With Subcutaneous Amivantamab Compared With Intravenous Amivantamab in Patients With EGFR-mutated Advanced or Metastatic Non-small Cell Lung Cancer After Progression on Osimertinib and Chemotherapy",PHASE3,ACTIVE_NOT_RECRUITING,advanced or metastatic non-small cell lung cancer,Lazertinib,JNJ-73841937,"Janssen Research & Development, LLC",418,2022-08-05,2026-06-30,,NO_RESULTS,12282346,Mitigation and management of adverse events associated with amivantamab therapy,Oncologist,2025 Jul 22,False,True,True,LAZCLUZE,LAZERTINIB,"1 INDICATIONS AND USAGE LAZCLUZE, in combination with amivantamab, is indicated for the first-line treatment of adult patients with locally advanced or metastatic non-small cell lung cancer (NSCLC) with epidermal growth factor receptor (EGFR) exon 19 deletions or exon 21 L858R substitution mutations, as detected by an FDA-approved test [see Dosage and Administration (2.1) ] . LAZCLUZE is a kinase inhibitor indicated in combination with amivantamab for the first-line treatment of adult patients w",65,43
NCT04687241,Almonertinib Versus Placebo as Adjuvant Therapy in Resected Stage II-IIIB Non-Small Cell Lung Cancer With EGFR-sensitive Mutations,"Efficacy and Safety of Almonertinib Versus Placebo as Adjuvant Therapy for Subjects With Resected Stage II-IIIB NSCLC Harboring EGFR-sensitive Mutations: A Randomized, Controlled, Double-blind, Phase 3 and Multicenter Clinical Study",PHASE3,ACTIVE_NOT_RECRUITING,non-small cell lung cancer,Almonertinib,HS-10296,"Jiangsu Hansoh Pharmaceutical Co., Ltd.",192,2021-04-30,2029-01-01,,NO_RESULTS,8600554,"The dawn of a new era, adjuvant EGFR inhibition in resected non-small cell lung cancer",Ther Adv Med Oncol,2021 Nov 15,False,True,True,LAZCLUZE,LAZERTINIB,"1 INDICATIONS AND USAGE LAZCLUZE, in combination with amivantamab, is indicated for the first-line treatment of adult patients with locally advanced or metastatic non-small cell lung cancer (NSCLC) with epidermal growth factor receptor (EGFR) exon 19 deletions or exon 21 L858R substitution mutations, as detected by an FDA-approved test [see Dosage and Administration (2.1) ] . LAZCLUZE is a kinase inhibitor indicated in combination with amivantamab for the first-line treatment of adult patients w",65,43
NCT03866980,A Study of Anti-PD-1 AK105 in Patients With Metastatic Nonsquamous Non-small Cell Lung Cancer,"A Phase III, Randomized, Double-blinded, Multicenter Study of AK105 Combined With Carboplatin and Pemetrexed vs Placebo Combined With Carboplatin and Pemetrexed as First-line Therapy in Patients With Metastatic Nonsquamous Non-small Cell Lung Cancer",PHASE3,TERMINATED,lung cancer non-small cell stage iv,pemetrexed,,"Akeso Tiancheng, Inc",164,2018-11-27,2023-12-31,,DEFINITE_FAIL,11320659,Immune checkpoint inhibitors plus platinum‐based chemotherapy compared to platinum‐based chemotherapy with or without bevacizumab for first‐line treatment of older people with advanced non‐small cell lung cancer,Cochrane Database Syst Rev,2024 Aug 13,False,True,True,Pemetrexed,PEMETREXED DISODIUM,"1 INDICATIONS AND USAGE Pemetrexed for Injection is a folate analog metabolic inhibitor indicated: in combination with pembrolizumab and platinum chemotherapy, for the initial treatment of patients with metastatic non-squamous non-small cell lung cancer (NSCLC), with no EGFR or ALK genomic tumor aberrations. ( 1.1 ) in combination with cisplatin for the initial treatment of patients with locally advanced or metastatic, non-squamous NSCLC. ( 1.1 ) as a single agent for the maintenance treatment o",65,43
NCT03866993,A Study of Anti-PD-1 AK105 in Patients With Metastatic Squamous Non-small Cell Lung Cancer,"A Phase III, Randomized, Double-blinded, Multicenter Study of AK105 Combined With Carboplatin and Paclitaxel vs Placebo Combined With Carboplatin and Paclitaxel as First-line Therapy in Patients With Metastatic Squamous Non-small Cell Lung Cancer",PHASE3,COMPLETED,squamous cell lung cancer,Carboplatin,,"Akeso Tiancheng, Inc",350,2018-12-20,2022-01-14,,NO_RESULTS,11883829,Cost-effectiveness analysis of penpulimab combined with paclitaxel and carboplatin as a first-line treatment for metastatic squamous non-small cell lung cancer in China,BMJ Open,2025 Mar 3,False,True,True,CARBOPLATIN,CARBOPLATIN,"INDICATIONS Initial Treatment of Advanced Ovarian Carcinoma Carboplatin injection is indicated for the initial treatment of advanced ovarian carcinoma in established combination with other approved chemotherapeutic agents. One established combination regimen consists of carboplatin and cyclophosphamide. Two randomized controlled studies conducted by the NCIC and SWOG with carboplatin versus cisplatin, both in combination with cyclophosphamide, have demonstrated equivalent overall survival betwee",65,43
NCT04878016,A Study of Carboplatin Plus Etoposide With or Without ZKAB001 (Anti-PD-L1 Antibody) in Patients With ES-SCLC,"A Phase III, Randomized，Double-blind Placebo-controlled Study of Carboplatin Plus Etoposide With or Without ZKAB001 (Anti-PD-L1 Antibody) in Patients With Untreated Extensive-stage Small Cell Lung Cancer",PHASE3,COMPLETED,extensive-stage small-cell lung cancer,Carboplatin,,Lee's Pharmaceutical Limited,498,2021-07-15,2023-10-13,,NO_RESULTS,12721548,Socazolimab combined with carboplatin and etoposide as first-line treatment for extensive-stage small-cell lung cancer: A cost-effectiveness analysis in China,PLoS One,2025 Dec 22,False,True,True,CARBOPLATIN,CARBOPLATIN,"INDICATIONS Initial Treatment of Advanced Ovarian Carcinoma Carboplatin injection is indicated for the initial treatment of advanced ovarian carcinoma in established combination with other approved chemotherapeutic agents. One established combination regimen consists of carboplatin and cyclophosphamide. Two randomized controlled studies conducted by the NCIC and SWOG with carboplatin versus cisplatin, both in combination with cyclophosphamide, have demonstrated equivalent overall survival betwee",65,43
NCT04656652,Study of DS-1062a Versus Docetaxel in Previously Treated Advanced or Metastatic Non-small Cell Lung Cancer With or Without Actionable Genomic Alterations (TROPION-LUNG01),Phase 3 Randomized Study of DS-1062a Versus Docetaxel in Previously Treated Advanced or Metastatic Non-Small Cell Lung Cancer (TROPION-LUNG01),PHASE3,ACTIVE_NOT_RECRUITING,non-small cell lung cancer,Docetaxel,,AstraZeneca,605,2020-12-21,2026-01-31,Overall Survival (OS) Following DS-1062a Versus Docetaxel,NO_RESULTS,10311169,Current treatment strategies for EGFR-mutated non-small cell lung cancer: from first line to beyond osimertinib resistance,Jpn J Clin Oncol,2023 Jun 3,False,True,True,Docetaxel,DOCETAXEL ANHYDROUS,"1 INDICATIONS AND USAGE Docetaxel Injection is a microtubule inhibitor indicated for: • Breast Cancer (BC): single agent for locally advanced or metastatic BC after chemotherapy failure; and with doxorubicin and cyclophosphamide as adjuvant treatment of operable node-positive BC ( 1.1 ) • Non-small Cell Lung Cancer (NSCLC): single agent for locally advanced or metastatic NSCLC after platinum therapy failure; and with cisplatin for unresectable, locally advanced or metastatic untreated NSCLC ( 1.",65,43
NCT05870319,A Phase III Study of SKB264 for EGFR Mutant NSCLC Patients,"A Randomized, Open-Label, Multicenter Phase 3 Study to Evaluate SKB264 Monotherapy Versus Pemetrexed in Combination With Platinum in Patients With Locally Advanced or Metastatic Non-squamous Non-small Cell Lung Cancer With EGFR Mutation Who Have Failed to Epidermal Growth Factor Receptor Tyrosine Kinase Inhibitor (EGFR-TKI) Therapy",PHASE3,ACTIVE_NOT_RECRUITING,non-small cell lung cancer,Cisplatin,,"Sichuan Kelun-Biotech Biopharmaceutical Co., Ltd.",376,2023-06-26,2026-09-30,,NO_RESULTS,10755013,The clinical development of antibody-drug conjugates for non-small cell lung cancer therapy,Front Immunol,2023 Dec 11,False,True,True,Cisplatin,CISPLATIN,INDICATIONS AND USAGE Cisplatin Injection is indicated as therapy to be employed as follows: Metastatic Testicular Tumors In established combination therapy with other approved chemotherapeutic agents in patients with metastatic testicular tumors who have already received appropriate surgical and/or radio therapeutic procedures. Metastatic Ovarian Tumors In established combination therapy with other approved chemotherapeutic agents in patients with metastatic ovarian tumors who have already rece,65,43
NCT05318443,A Study Exploring Efficacy of SIBP04 in Subjects With Non-squamous Non-small Cell Lung Cancer,"A Randomized, Double-blind, Parallel-controlled Study Comparing the Efficacy and Safety of Recombinant Anti-VEGF Humanized Monoclonal Antibody Injection (SIBP04) and Bevacizumab Injection (Avastin) in Combination With Paclitaxel and Carboplatin Respectively in Patients With Advanced, Metastatic or Recurrent Non-squamous Non-small Cell Lung Cancer.",PHASE3,COMPLETED,non-squamous non-small-cell lung cancer,Carboplatin,,Shanghai Institute Of Biological Products,512,2020-04-17,2023-01-12,,NO_RESULTS,12277834,"Efficacy and safety of bevacizumab biosimilar SIBP04 compared with bevacizumab (Avastin®) as first-line treatment for locally advanced or metastatic non-squamous non-small-cell lung cancer: A randomized, double-blind, phase 3 trial",Cancer Pathog Ther,2025 Jan 6,False,True,True,CARBOPLATIN,CARBOPLATIN,"INDICATIONS Initial Treatment of Advanced Ovarian Carcinoma Carboplatin injection is indicated for the initial treatment of advanced ovarian carcinoma in established combination with other approved chemotherapeutic agents. One established combination regimen consists of carboplatin and cyclophosphamide. Two randomized controlled studies conducted by the NCIC and SWOG with carboplatin versus cisplatin, both in combination with cyclophosphamide, have demonstrated equivalent overall survival betwee",65,43
NCT05120349,A Global Study to Assess the Effects of Osimertinib in Participants With EGFRm Stage IA2-IA3 NSCLC Following Complete Tumour Resection,"A Phase III, Double-blind, Randomised, Placebo-Controlled, International Study to Assess the Efficacy and Safety of Adjuvant Osimertinib Versus Placebo in Participants With EGFR Mutation-positive Stage IA2-IA3 Non-small Cell Lung Cancer, Following Complete Tumour Resection",PHASE3,ACTIVE_NOT_RECRUITING,non-small cell lung cancer,Osimertinib,AZD9291; TAGRISSO,AstraZeneca,390,2022-02-21,2032-11-01,,NO_RESULTS,11208875,Top 20 EGFR+ NSCLC Clinical and Translational Science Papers That Shaped the 20 Years Since the Discovery of Activating EGFR Mutations in NSCLC. An Editor-in-Chief Expert Panel Consensus Survey.,Lung Cancer (Auckl),2024 Jun 22,False,True,True,TAGRISSO,OSIMERTINIB,"1 INDICATIONS AND USAGE TAGRISSO is a kinase inhibitor indicated for: • adjuvant therapy after tumor resection in adult patients with non-small cell lung cancer (NSCLC) whose tumors have epidermal growth factor receptor (EGFR) exon 19 deletions or exon 21 L858R mutations, as detected by an FDA-approved test. ( 1.1 , 2.2 ) • the treatment of adult patients with locally advanced, unresectable (stage III) NSCLC whose disease has not progressed during or following concurrent or sequential platinum-b",65,43
NCT05221840,A Global Study to Assess the Effects of Durvalumab With Oleclumab or Durvalumab With Monalizumab Following Concurrent Chemoradiation in Patients With Stage III Unresectable Non-Small Cell Lung Cancer,"A Phase III, Double-blind, Placebo-controlled, Randomised, Multicentre, International Study of Durvalumab Plus Oleclumab and Durvalumab Plus Monalizumab in Patients With Locally Advanced (Stage III), Unresectable Non-small Cell Lung Cancer (NSCLC) Who Have Not Progressed Following Definitive, Platinum-Based Concurrent Chemoradiation Therapy",PHASE3,ACTIVE_NOT_RECRUITING,non-small cell lung cancer,Monalizumab,,AstraZeneca,1027,2022-02-07,2030-07-02,,NO_RESULTS,11508940,PACIFIC-9: Phase III trial of durvalumab + oleclumab or monalizumab in unresectable stage III non-small-cell lung cancer,Future Oncol,2024 Jul 18,False,True,True,KEYTRUDA QLEX,PEMBROLIZUMAB AND BERAHYALURONIDASE ALFA-PMPH,"1 INDICATIONS AND USAGE KEYTRUDA QLEX is a combination of pembrolizumab, a programmed death receptor-1 (PD-1)-blocking antibody, and berahyaluronidase alfa, an endoglycosidase, indicated: Melanoma for the treatment of adult patients with unresectable or metastatic melanoma. ( 1.1 ) for the adjuvant treatment of adult and pediatric patients 12 years and older with Stage IIB, IIC, or III melanoma following complete resection. ( 1.1 ) Non-Small Cell Lung Cancer (NSCLC) in combination with pemetrexe",65,43
NCT06203210,A Study of Ifinatamab Deruxtecan Versus Treatment of Physician's Choice in Subjects With Relapsed Small Cell Lung Cancer,"A Phase 3, Multicenter, Randomized, Open-label Study of Ifinatamab Deruxtecan (I-DXd), a B7-H3 Antibody Drug Conjugate (ADC), Versus Treatment of Physician's Choice (TPC) in Subjects With Relapsed Small Cell Lung Cancer (SCLC) (IDeate-Lung02)",PHASE3,ACTIVE_NOT_RECRUITING,small cell lung cancer,Lurbinectedin,,Merck Sharp & Dohme LLC,540,2024-05-21,2029-02-22,,NO_RESULTS,12536792,IDeate-Lung02: a Phase 3 study of second-line ifinatamab deruxtecan in patients with relapsed small cell lung cancer,Future Oncol,2025 Oct 7,False,True,True,ZEPZELCA,LURBINECTEDIN,"1 INDICATIONS AND USAGE ZEPZELCA is an alkylating drug indicated: • in combination with atezolizumab or atezolizumab and hyaluronidase-tqj, for the maintenance treatment of adult patients with extensive-stage small cell lung cancer whose disease has not progressed after first-line induction therapy with atezolizumab or atezolizumab and hyaluronidase-tqjs, carboplatin and etoposide. ( 1.1 ) • For the treatment of adult patients with metastatic small cell lung cancer (SCLC) with disease progressio",65,43
NCT03631706,M7824 Versus Pembrolizumab as a First-line (1L) Treatment in Participants With Programmed Death-ligand 1 (PD-L1) Expressing Advanced Non-small Cell Lung Cancer (NSCLC),"An Adaptive Phase III, Multicenter, Randomized, Open-Label, Controlled Study of M7824 (Bintrafusp Alfa) Versus Pembrolizumab as a First-line Treatment in Patients With PD-L1 Expressing Advanced Non-small Cell Lung Cancer",PHASE3,COMPLETED,non-small cell lung cancer,Pembrolizumab,,"EMD Serono Research & Development Institute, Inc.",304,2018-10-01,2024-06-25,Progression-Free Survival (PFS) According to Response Evaluation Criteria in Solid Tumors (RECIST Version 1.1) Assessed by Independent Review Committee (IRC),NO_RESULTS,10787199,Tumor growth inhibition modeling in patients with second line biliary tract cancer and first line non‐small cell lung cancer based on bintrafusp alfa trials,CPT Pharmacometrics Syst Pharmacol,2023 Dec 13,False,True,True,KEYTRUDA QLEX,PEMBROLIZUMAB AND BERAHYALURONIDASE ALFA-PMPH,"1 INDICATIONS AND USAGE KEYTRUDA QLEX is a combination of pembrolizumab, a programmed death receptor-1 (PD-1)-blocking antibody, and berahyaluronidase alfa, an endoglycosidase, indicated: Melanoma for the treatment of adult patients with unresectable or metastatic melanoma. ( 1.1 ) for the adjuvant treatment of adult and pediatric patients 12 years and older with Stage IIB, IIC, or III melanoma following complete resection. ( 1.1 ) Non-Small Cell Lung Cancer (NSCLC) in combination with pemetrexe",65,43
NCT04475939,Placebo-controlled Study Comparing Niraparib Plus Pembrolizumab Versus Placebo Plus Pembrolizumab as Maintenance Therapy in Participants With Advanced/Metastatic Non-Small Cell Lung Cancer,"A Phase 3, Randomized, Double-Blind, Placebo-Controlled, Multicenter Study Comparing Niraparib Plus Pembrolizumab Versus Placebo Plus Pembrolizumab as Maintenance Therapy in Participants Whose Disease Has Remained Stable or Responded to First-Line Platinum -Based Chemotherapy With Pembrolizumab for Stage IIIB/IIIC or IV Non-Small Cell Lung Cancer (ZEAL-1L)",PHASE3,ACTIVE_NOT_RECRUITING,"lung cancer, non-small cell",Placebo,,GlaxoSmithKline,666,2020-10-26,2026-03-06,,NO_RESULTS,9293160,JASPER: Phase 2 trial of first‐line niraparib plus pembrolizumab in patients with advanced non–small cell lung cancer,Cancer,2021 Sep 3,False,True,False,,,,45,28
NCT05184712,Phase 3 Clinical Study of AK112 for NSCLC Patients,"A Randomized, Double-blind, Multi-center, Phase III Study of AK112 Combined With Pemetrexed and Carboplatin Versus Placebo Combined With Pemetrexed and Carboplatin in Patients With Locally Advanced or Metastatic EGFR-mutant Non-squamous NSCLC Who Have Failed Epidermal Growth Factor Receptor Tyrosine Kinase Inhibitors (EGFR-TKIs)",PHASE3,ACTIVE_NOT_RECRUITING,non-squamous non-small cell lung cancer,Ivonescimab (SMT112 or AK112) Injection,Pemetrexed,Akeso,322,2022-01-25,2025-11-02,,NO_RESULTS,11337070,Ivonescimab Plus Chemotherapy in Non–Small Cell Lung Cancer With EGFR Variant: A Randomized Clinical Trial,JAMA,2024 May 31,False,True,False,,,,45,28
NCT03735121,A Study to Investigate Atezolizumab Subcutaneous in Patients With Previously Treated Locally Advanced or Metastatic Non-Small Cell Lung Cancer,"A Randomized, Multicenter, Phase Ib/III Study to Investigate the Pharmacokinetics, Efficacy, and Safety of Atezolizumab Subcutaneous Compared With Atezolizumab Intravenous in Patients With Previously Treated Locally Advanced or Metastatic Non-Small Cell Lung Cancer",PHASE3,COMPLETED,non-small cell lung cancer,rHuPH20,ENHANZE,Hoffmann-La Roche,438,2018-12-27,2024-11-11,Part 2: Observed Serum Ctrough of Atezolizumab at Cycle 1,NO_RESULTS,8518371,Results of a Dose‐Finding Phase 1b Study of Subcutaneous Atezolizumab in Patients With Locally Advanced or Metastatic Non–Small Cell Lung Cancer,Clin Pharmacol Drug Dev,2021 Mar 31,False,True,False,,,,45,28
NCT03856411,A Study to Evaluate the Efficacy and Safety of Toripalimab or Placebo Combined With Chemotherapy in Treatment-naive Advanced NSCLC,"A Phase III, Randomized, Double-blind, Placebo-controlled, Multi-center Clinical Study to Evaluate the Efficacy and Safety of Toripalimab Injection (JS001) or Placebo Combined With First-line Standard Chemotherapy in Treatment-naive Advanced Non-small Cell Lung Cancer (NSCLC)",PHASE3,COMPLETED,treatment-naive advanced non-small cell lung cancer,TORIPALIMAB INJECTION (JS001 ) combine with chemotherapy,"JS001, TAB001","Shanghai Junshi Bioscience Co., Ltd.",465,2019-03-18,2023-01-09,,NO_RESULTS,9870236,Toripalimab Plus Chemotherapy for Patients With Treatment-Naive Advanced Non–Small-Cell Lung Cancer: A Multicenter Randomized Phase III Trial (CHOICE-01),J Clin Oncol,2022 Oct 7,False,True,False,,,,45,28
NCT05338970,HERTHENA-Lung02: A Study of Patritumab Deruxtecan Versus Platinum-based Chemotherapy in Metastatic or Locally Advanced EGFRm NSCLC After Failure of EGFR TKI Therapy,"A Phase 3, Randomized, Open-label Study of Patritumab Deruxtecan Versus Platinum-based Chemotherapy in Metastatic or Locally Advanced Epidermal Growth Factor Receptor-mutated (EGFRm) Non-small Cell Lung Cancer (NSCLC) After Failure of Epidermal Growth Factor Receptor (EGFR) Tyrosine Kinase Inhibitor (TKI) Therapy (HERTHENA-Lung02)",PHASE3,ACTIVE_NOT_RECRUITING,nonsquamous non-small cell lung cancer,Patritumab Deruxtecan,HER3-DXd,Merck Sharp & Dohme LLC,586,2022-07-08,2026-06-30,,NO_RESULTS,10713116,"HERTHENA-Lung01, a Phase II Trial of Patritumab Deruxtecan (HER3-DXd) in Epidermal Growth Factor Receptor–Mutated Non–Small-Cell Lung Cancer After Epidermal Growth Factor Receptor Tyrosine Kinase Inhibitor Therapy and Platinum-Based Chemotherapy",J Clin Oncol,2023 Sep 10,False,True,False,,,,45,28
NCT04923945,Savolitinib for Treating Locally Advanced or Metastatic Non-small Cell Lung Cancer (NSCLC) Patients,"A Multi-center, Open-label, Phase IIIb Confirmatory Clinical Trial to Evaluate the Efficacy, Safety and Tolerability of Savolitinib in Treating Locally Advanced or Metastatic NSCLC Patients With MET Exon 14mutations",PHASE3,COMPLETED,non-small cell lung cancer metastatic,Savolitinib,,Hutchison Medipharma Limited,203,2021-08-19,2024-11-30,,NO_RESULTS,10299133,Targeting MET in Non-Small Cell Lung Cancer (NSCLC): A New Old Story?,Int J Mol Sci,2023 Jun 14,False,True,False,,,,45,28
NCT04248829,Clinical Trial of YH25448(Lazertinib) as the First-line Treatment in Patients With EGFR Mutation Positive Locally Advanced or Metastatic NSCLC (LASER301),"A Phase III, Randomized, Double-blind Study to Assess the Efficacy and Safety of Lazertinib Versus Gefitinib as the First-line Treatment in Patients With Epidermal Growth Factor Receptor Sensitizing Mutation Positive, Locally Advanced or Metastatic Non-Small Cell Lung Cancer",PHASE3,ACTIVE_NOT_RECRUITING,non-small cell lung cancer,Lazertinib 240 mg/160 mg,YH25448 240 mg/160 mg,Yuhan Corporation,393,2020-02-13,2026-06-30,Progression-Free Survival (PFS) According to RECIST v1.1 by Investigator Assessment,NO_RESULTS,11323831,Therapeutic advances of targeting receptor tyrosine kinases in cancer,Signal Transduct Target Ther,2024 Aug 14,False,True,False,,,,45,28
NCT04765059,A Study to Evaluate Chemotherapy Plus Osimertinib Against Chemotherapy Plus Placebo in Patients With Non-small Cell Lung Cancer (NSCLC),"A Phase III, Randomized, Double-Blind, Placebo-Controlled Study of Platinum Plus Pemetrexed Chemotherapy Plus Osimertinib Versus Platinum Plus Pemetrexed Chemotherapy Plus Placebo in Patients With EGFRm, Locally Advanced or Metastatic NSCLC Who Have Progressed Extracranially Following First-Line Osimertinib Therapy (COMPEL)",PHASE3,ACTIVE_NOT_RECRUITING,non-small cell lung cancer,Osimertinib (AZD9291) pemetrexed cisplatin or carboplatin,,Parexel,98,2021-09-12,2026-06-02,Progression Free Survival (PFS),NO_RESULTS,12573503,COMPEL: osimertinib plus platinum-based chemotherapy in patients with EGFR-mutated advanced NSCLC and progression on first-line osimertinib,ESMO Open,2025 Sep 8,False,True,False,,,,45,28
NCT04902885,"Phase 3 Study Evaluating Efficacy, Safety and Pharmacokinetics of Trilaciclib In Small Cell Lung Cancer Patients","A Randomized, Double-blind, Placebo-controlled, Multi-center Phase 3 Study Evaluating Efficacy, Safety and Pharmacokinetics of Trilaciclib In Extensive-Stage Small Cell Lung Cancer Patients",PHASE3,COMPLETED,extensive-stage small-cell lung cancer,"placebo, carboplatin, etoposide，or Topotecan",placebo plus chemotherapy,"Jiangsu Simcere Pharmaceutical Co., Ltd.",95,2021-05-25,2022-12-31,Maximum Observed Plasma Concentration(Cmax) of Trilaciclib for Part 1,NO_RESULTS,12701025,Alternate actions of CDK4/6 inhibitors beyond cell cycle blockade: unexplored roles in therapy resistance ,Cancer Metastasis Rev,2025 Dec 12,False,True,False,,,,45,28
NCT03296163,A Study Comparing MB02 and Avastin® in Subjects With Stage IIIB/IV Non-Squamous Non-Small Cell Lung Cancer (NSCLC),"A Randomized, Multicenter, Multinational, Double-Blind Study to Assess the Efficacy and Safety of MB02 (Bevacizumab Biosimilar Drug) Versus Avastin® in Combination With Carboplatin and Paclitaxel for the Treatment of Subjects With Stage IIIB/IV Non-squamous Non-Small Cell Lung Cancer (NSCLC)",PHASE3,COMPLETED,non-small cell lung cancer,MB02 (Bevacizumab Biosimilar Drug),Bevacizumab,mAbxience Research S.L.,627,2018-02-06,2020-02-27,Objective Response Rate (ORR) at Week 18,NO_RESULTS,8295170,"Efficacy, Safety and Immunogenicity of MB02 (Bevacizumab Biosimilar) versus Reference Bevacizumab in Advanced Non-Small Cell Lung Cancer: A Randomized, Double-Blind, Phase III Study (STELLA)",BioDrugs,2021 Apr 29,False,True,False,,,,45,28
NCT04624204,"Placebo-controlled, Study of Concurrent Chemoradiation Therapy With Pembrolizumab Followed by Pembrolizumab and Olaparib in Newly Diagnosed Treatment-Naïve Limited-Stage Small Cell Lung Cancer (LS-SCLC) (MK 7339-013/KEYLYNK-013)","A Randomized, Double-blind, Placebo-controlled Phase 3 Study of Pembrolizumab (MK-3475) in Combination With Concurrent Chemoradiation Therapy Followed by Pembrolizumab With or Without Olaparib (MK-7339), Compared to Concurrent Chemoradiation Therapy Alone in Participants With Newly Diagnosed Treatment-Naïve Limited-Stage Small Cell Lung Cancer (LS-SCLC)",PHASE3,ACTIVE_NOT_RECRUITING,small cell lung cancer,Olaparib matching placebo,,Merck Sharp & Dohme LLC,672,2020-12-08,2027-10-28,,NO_RESULTS,10905605,Rationale and Design of the Phase 3 KEYLYNK-013 Study of Pembrolizumab With Concurrent Chemoradiotherapy Followed by Pembrolizumab With or Without Olaparib for Limited-Stage Small-Cell Lung Cancer,Clin Lung Cancer,2022 Apr 29,False,True,False,,,,45,28
NCT04241315,ELUCIDATE: Enabling Lung Cancer Identification Using Folate Receptor Targeting,"A Phase 3, Randomized,Single Dose, Open-Label Study to Investigate the Safety and Efficacy of OTL38 Injection for Intraoperative Imaging of Folate Receptor Positive Lung Nodules",PHASE3,COMPLETED,lung cancer,OTL38 for Injection,CYTALUX™ (pafolacianine) injection,"On Target Laboratories, LLC",112,2020-03-26,2021-11-01,Localization of Primary Nodule,NO_RESULTS,12424048,Intraoperative Molecular Imaging With Pafolacianine in Resection of Occult Pulmonary Malignancy in the ELUCIDATE Trial,Ann Thorac Surg,2024 Oct 21,False,True,False,,,,45,28
NCT05555732,Datopotamab Deruxtecan (Dato-DXd) and Pembrolizumab With or Without Platinum Chemotherapy in 1L Non-Small Cell Lung Cancer (TROPION-Lung07),A Randomized Phase 3 Study of Datopotamab Deruxtecan (Dato-DXd) and Pembrolizumab With or Without Platinum Chemotherapy in Subjects With No Prior Therapy for Advanced or Metastatic PD-L1 TPS <50% Non-squamous Non-small Cell Lung Cancer Without Actionable Genomic Alterations (TROPION-Lung07),PHASE3,ACTIVE_NOT_RECRUITING,metastatic non small cell lung cancer,Datopotamab Deruxtecan,Dato-DXd,Daiichi Sankyo,1170,2023-01-11,2027-08-01,,NO_RESULTS,11572237,TROPION-Lung07: Phase III study of Dato-DXd + pembrolizumab ± platinum-based chemotherapy as 1L therapy for advanced non-small-cell lung cancer,Future Oncol,2024 Oct 29,False,True,False,,,,45,28
NCT05499390,AK112 in Advanced Non-Small Cell Lung Cancer,"A Randomized Controlled, Multi-center Phase III Clinical Trial of AK112 Versus Pembrolizumab as First-line Treatment for PD-L1-Positive Locally-Advanced or Metastatic Non-Small Cell Lung Cancer",PHASE3,ACTIVE_NOT_RECRUITING,advanced non-small-cell lung cancer,AK112,,Akeso,398,2022-11-09,2025-12-31,,NO_RESULTS,12773457,Plain language summary: comparing ivonescimab with pembrolizumab in people with PD-L1–positive non-small cell lung cancer in the HARMONi–2 study,Future Oncol,2025 Dec 28,False,True,False,,,,45,28
NCT04171284,SCT-I10A or Placebo Plus Docetaxel With Previously Treated Squamous Cell Non-small Cell Lung Cancer,A Multicenter Randomized Double-blinded Phase 3 Clinical Trial to Evaluate the Efficacy and Safety of SCT-I10A or Placebo Plus Docetaxel in Treating Advanced Squamous Non-small Cell Lung Cancer,PHASE3,TERMINATED,squamous-cell non-small-cell lung cancer,Placebo,,Sinocelltech Ltd.,188,2019-10-22,2023-02-23,,DEFINITE_FAIL,12082229,"Efficacy and safety of finotonlimab plus docetaxel vs. docetaxel in previously treated advanced squamous cell non-small-cell lung cancer: a randomized, double-blinded, phase III trial",Transl Lung Cancer Res,2025 Apr 16,False,True,False,,,,45,28
NCT05015608,Study on Savolitinib Combined With Osimertinib in Treatment of Advanced NSCLC With MET Amplification,"Clinical Study to Evaluate the Efficacy, Safety and Tolerability of Savolitinib + Osimertinib Versus Pemetrexed + Platinum in Treatment of Patients With NSCLC With MET Amplification",PHASE3,ACTIVE_NOT_RECRUITING,non-small cell lung cancer,Savolitinib + Osimertinib,,Hutchison Medipharma Limited,250,2021-11-22,2025-12-30,,NO_RESULTS,10311169,Current treatment strategies for EGFR-mutated non-small cell lung cancer: from first line to beyond osimertinib resistance,Jpn J Clin Oncol,2023 Jun 3,False,True,False,,,,45,28
NCT05668988,A Study of DZD9008 Versus Platinum-Based Doublet Chemotherapy in Local Advanced or Metastatic Non-small Cell Lung Cancer (WU-KONG28),"A Phase 3, Open-Label, Randomized, Multi-Center Study of DZD9008 Versus Platinum-Based Doublet Chemotherapy as First-Line Treatment for Patients With Locally Advanced or Metastatic Non-Small Cell Lung Cancer Harboring Epidermal Growth Factor Receptor Exon 20 Insertion Mutation",PHASE3,ACTIVE_NOT_RECRUITING,non-small cell lung cancer,sunvozertinib,,Dizal Pharmaceuticals,324,2022-12-13,2027-10-31,,NO_RESULTS,11208875,Top 20 EGFR+ NSCLC Clinical and Translational Science Papers That Shaped the 20 Years Since the Discovery of Activating EGFR Mutations in NSCLC. An Editor-in-Chief Expert Panel Consensus Survey.,Lung Cancer (Auckl),2024 Jun 22,False,True,False,,,,45,28
NCT05840016,AK112 in Combination With Chemotherapy in Advanced Squamous Non-Small Cell Lung Cancer,"A Randomized, Controlled, Multi-center Phase III Clinical Study of AK112 Combined With Chemotherapy Versus PD-1 Inhibitor Combined With Chemotherapy as First-line Treatment for Locally Advanced or Metastatic Squamous Non-small Cell Lung Cancer",PHASE3,ACTIVE_NOT_RECRUITING,advanced squamous non small cell lung cancer,"Tislelizumab, Carboplatin, Paxlitaxel",,Akeso,532,2023-08-17,2026-12-31,,NO_RESULTS,12665695,Unlocking new horizons in oncology: ivonescimab’s dual-target approach to anti-VEGF/PD-1(L1) therapy,Front Immunol,2025 Nov 17,False,True,False,,,,45,28
NCT04012606,Toripalimab in Combination With Platinum Plus Etoposidein Patients With Extensive-Stage Small Cell Lung Cancer,"A Phase III Randomized, Double-Blind, Placebo-controlled Study of Platinum(Cisplatin or Carboplatin) Plus Etoposide With or Without Toripalimab as First Line Therapy in Patients With ExtensiveStage Small Cell Lung Cancer",PHASE3,COMPLETED,small cell lung cancer,TORIPALIMAB INJECTION(JS001 ) Carboplatin Cisplatin Etoposide Placebo,,"Shanghai Junshi Bioscience Co., Ltd.",442,2019-07-23,2023-04-20,,NO_RESULTS,11565370,Toripalimab Plus Chemotherapy as a First-Line Therapy for Extensive-Stage Small Cell Lung Cancer: The Phase 3 EXTENTORCH Randomized Clinical Trial,JAMA Oncol,2024 Nov 14,False,True,False,,,,45,28
NCT03409614,Combinations of Cemiplimab (Anti-PD-1 Antibody) and Platinum-based Doublet Chemotherapy in Patients With Lung Cancer,"A Two-Part Randomized, Phase 3 Study of Combinations of Cemiplimab (Anti-PD-1 Antibody) and Platinum-based Doublet Chemotherapy in First-line Treatment of Patients With Advanced or Metastatic Non-Small Cell Lung Cancer",PHASE3,COMPLETED,non-small cell lung cancer,REGN2810/chemo/ipi,cemiplimab,Regeneron Pharmaceuticals,790,2018-03-06,2025-02-27,,NO_RESULTS,9671806,"Cemiplimab plus chemotherapy versus chemotherapy alone in non-small cell lung cancer: a randomized, controlled, double-blind phase 3 trial",Nat Med,2022 Aug 25,False,True,False,,,,45,28
NCT03351361,Nivolumab and Ipilimumab Versus Chimiotherapy in First Line Treatment in PS 2 or Elderly in Advanced NSCLC Patients,Randomized Phase III Study Testing Nivolumab and Ipilimumab Versus a Carboplatin Based Doublet in First Line Treatment of PS 2 or Elderly (More Than 70 Years Old) Patients With Advanced Non-small Cell Lung Cancer,PHASE3,COMPLETED,advanced non small cell lung cancer,Nivolumab + Ipilimumab,,Rennes University Hospital,217,2018-02-19,2022-07-31,,NO_RESULTS,8842574,Blockade of novel immune checkpoints and new therapeutic combinations to boost antitumor immunity,J Exp Clin Cancer Res,2022 Feb 14,False,True,False,,,,45,28
NCT04158440,Phase III Study of Toripalimab Versus Placebo Plus Chemotherapy in Resectable NSCLC,"A Randomized, Double-Blind, Placebo-Controlled, Multicenter, Phase III Clinical Study on Toripalimab Combined With Platinum-Based Doublet Drug Chemotherapy for Resectable, Stage II-III, Non-Small Cell Lung Cancer",PHASE3,ACTIVE_NOT_RECRUITING,stage ii-iii non-small cell lung cancer,4cycles(Placebo + platinum-based doublet chemotherapy)+13 cycles(Placebo ),Cisplatin;,"Shanghai Junshi Bioscience Co., Ltd.",501,2020-04-07,2025-12-31,,NO_RESULTS,10792477,Perioperative Toripalimab Plus Chemotherapy for Patients With Resectable Non–Small Cell Lung Cancer: The Neotorch Randomized Clinical Trial,JAMA,2024 Jan 16,False,True,False,,,,45,28
NCT03787992,Alflutinib Mesylate Versus Gefitinib in Patients With Locally Advanced or Metastatic Non-small Cell Lung Cancer （FLAG）,"A Randomized, Double-blind, Positive-controlled, Multi-center Phase III Clinical Study of Evaluating Alflutinib Mesylate Versus Gefitinib as First-line Therapy in Patients With Locally Advanced or Metastatic Non-Small-Cell Lung Cancer (NSCLC) With EGFR-sensitive Mutations（FlAG）",PHASE3,ACTIVE_NOT_RECRUITING,locally advanced or metastatic egfr sensitising mutation positive non-small cell lung cancer,Placebo Gefitinib 250 mg,,"Allist Pharmaceuticals, Inc.",358,2019-05-30,2026-03-31,,NO_RESULTS,11323831,Therapeutic advances of targeting receptor tyrosine kinases in cancer,Signal Transduct Target Ther,2024 Aug 14,False,True,False,,,,45,28
